{"lr": 0.1, "data_time": 0.05972945690155029, "loss": 9.103143215179443, "time": 0.09684953689575196, "epoch": 1, "iter": 200, "memory": 2444, "step": 200}
{"lr": 0.1, "data_time": 0.06334681510925293, "loss": 9.102890586853027, "time": 0.09975142478942871, "epoch": 1, "iter": 400, "memory": 2444, "step": 400}
{"lr": 0.1, "data_time": 0.04984216690063477, "loss": 9.094933605194091, "time": 0.08621234893798828, "epoch": 1, "iter": 600, "memory": 2444, "step": 600}
{"lr": 0.1, "data_time": 0.4880593538284302, "loss": 9.082926940917968, "time": 0.5252396821975708, "epoch": 1, "iter": 800, "memory": 2444, "step": 800}
{"lr": 0.1, "data_time": 0.3512816667556763, "loss": 9.040764236450196, "time": 0.38802566528320315, "epoch": 1, "iter": 1000, "memory": 2444, "step": 1000}
