{"lr": 0.1, "data_time": 0.001488041877746582, "loss": 9.104440689086914, "time": 0.04095749855041504, "epoch": 1, "iter": 200, "memory": 2444, "step": 200}
