{"lr": 0.1, "data_time": 0.0014775753021240234, "loss": 9.099705219268799, "time": 0.04147052764892578, "epoch": 1, "iter": 200, "memory": 2444, "step": 200}
{"lr": 0.1, "data_time": 0.0014023303985595704, "loss": 9.092417812347412, "time": 0.04180729389190674, "epoch": 1, "iter": 400, "memory": 2444, "step": 400}
