{"lr": 0.1, "data_time": 0.18072500228881835, "loss": 9.111670017242432, "time": 0.2182469844818115, "epoch": 1, "iter": 200, "memory": 2444, "step": 200}
