{"lr": 0.1, "data_time": 0.2598422527313232, "loss": 9.114704036712647, "time": 0.2963737487792969, "epoch": 1, "iter": 200, "memory": 2444, "step": 200}
