{"lr": 0.1, "data_time": 0.0014623880386352539, "loss": 9.106675624847412, "time": 0.0409388542175293, "epoch": 1, "iter": 200, "memory": 2444, "step": 200}
{"lr": 0.1, "data_time": 0.001375102996826172, "loss": 9.097103309631347, "time": 0.0424368143081665, "epoch": 1, "iter": 400, "memory": 2444, "step": 400}
{"lr": 0.1, "data_time": 0.0013828039169311523, "loss": 9.095341968536378, "time": 0.04119682312011719, "epoch": 1, "iter": 600, "memory": 2444, "step": 600}
{"lr": 0.1, "data_time": 0.0013475656509399415, "loss": 9.084630393981934, "time": 0.040907669067382815, "epoch": 1, "iter": 800, "memory": 2444, "step": 800}
