{"lr": 0.1, "data_time": 0.0013303756713867188, "loss": 9.102182865142822, "time": 0.040630006790161134, "epoch": 1, "iter": 200, "memory": 2444, "step": 200}
{"lr": 0.1, "data_time": 0.0014347791671752929, "loss": 9.108587169647217, "time": 0.040299487113952634, "epoch": 1, "iter": 400, "memory": 2444, "step": 400}
{"lr": 0.1, "data_time": 0.001670503616333008, "loss": 9.092496013641357, "time": 0.042177248001098636, "epoch": 1, "iter": 600, "memory": 2444, "step": 600}
{"lr": 0.1, "data_time": 0.001961684226989746, "loss": 9.053832721710204, "time": 0.041651225090026854, "epoch": 1, "iter": 800, "memory": 2444, "step": 800}
{"lr": 0.1, "data_time": 0.001673746109008789, "loss": 9.017764949798584, "time": 0.04213936328887939, "epoch": 1, "iter": 1000, "memory": 2444, "step": 1000}
{"lr": 0.1, "data_time": 0.0015981674194335937, "loss": 8.971384048461914, "time": 0.040587663650512695, "epoch": 1, "iter": 1200, "memory": 2444, "step": 1200}
{"lr": 0.1, "data_time": 0.0014598369598388672, "loss": 8.913293838500977, "time": 0.04095122814178467, "epoch": 1, "iter": 1400, "memory": 2444, "step": 1400}
{"lr": 0.1, "data_time": 0.0015463590621948241, "loss": 8.95194149017334, "time": 0.04076805114746094, "epoch": 1, "iter": 1600, "memory": 2444, "step": 1600}
{"lr": 0.1, "data_time": 0.0013123750686645508, "loss": 8.820292663574218, "time": 0.0410189151763916, "epoch": 1, "iter": 1800, "memory": 2444, "step": 1800}
{"lr": 0.1, "data_time": 0.0012908220291137696, "loss": 8.677724838256836, "time": 0.04040217399597168, "epoch": 1, "iter": 2000, "memory": 2444, "step": 2000}
{"lr": 0.1, "data_time": 0.001220870018005371, "loss": 8.564173030853272, "time": 0.04080781936645508, "epoch": 1, "iter": 2200, "memory": 2444, "step": 2200}
{"accuracy/top1": 0.32211485505104065, "accuracy/top20": 4.37631893157959, "data_time": 0.0032223031875935008, "time": 0.021125901675393396, "step": 1}
{"lr": 0.1, "data_time": 0.001358199119567871, "loss": 8.042998361587525, "time": 0.040692377090454104, "epoch": 2, "iter": 2592, "memory": 2444, "step": 2592}
{"lr": 0.1, "data_time": 0.0014189958572387695, "loss": 7.832171821594239, "time": 0.04088759422302246, "epoch": 2, "iter": 2792, "memory": 2444, "step": 2792}
{"lr": 0.1, "data_time": 0.0014362335205078125, "loss": 7.316627836227417, "time": 0.04216697216033936, "epoch": 2, "iter": 2992, "memory": 2444, "step": 2992}
{"lr": 0.1, "data_time": 0.001328277587890625, "loss": 6.859930086135864, "time": 0.04078605175018311, "epoch": 2, "iter": 3192, "memory": 2444, "step": 3192}
{"lr": 0.1, "data_time": 0.001526784896850586, "loss": 6.271033811569214, "time": 0.04301130771636963, "epoch": 2, "iter": 3392, "memory": 2444, "step": 3392}
{"lr": 0.1, "data_time": 0.0019128799438476562, "loss": 5.611590623855591, "time": 0.041764450073242185, "epoch": 2, "iter": 3592, "memory": 2444, "step": 3592}
{"lr": 0.1, "data_time": 0.0013463497161865234, "loss": 5.025942277908325, "time": 0.041646504402160646, "epoch": 2, "iter": 3792, "memory": 2444, "step": 3792}
{"lr": 0.1, "data_time": 0.0016594171524047852, "loss": 4.447876811027527, "time": 0.04145693778991699, "epoch": 2, "iter": 3992, "memory": 2444, "step": 3992}
{"lr": 0.1, "data_time": 0.001796722412109375, "loss": 3.803106427192688, "time": 0.04314045906066895, "epoch": 2, "iter": 4192, "memory": 2444, "step": 4192}
{"lr": 0.1, "data_time": 0.001876974105834961, "loss": 3.0784399271011353, "time": 0.04222369194030762, "epoch": 2, "iter": 4392, "memory": 2444, "step": 4392}
{"lr": 0.1, "data_time": 0.0016794681549072265, "loss": 2.714015316963196, "time": 0.04185636043548584, "epoch": 2, "iter": 4592, "memory": 2444, "step": 4592}
