{"lr": 0.1, "data_time": 0.07008504867553711, "loss": 9.103713226318359, "time": 0.11215147972106934, "epoch": 1, "iter": 200, "memory": 2444, "step": 200}
{"lr": 0.1, "data_time": 0.20206108093261718, "loss": 9.08447208404541, "time": 0.23787858486175537, "epoch": 1, "iter": 400, "memory": 2444, "step": 400}
{"lr": 0.1, "data_time": 0.1334394931793213, "loss": 9.059922981262208, "time": 0.17105438709259033, "epoch": 1, "iter": 600, "memory": 2444, "step": 600}
