{"lr": 0.1, "data_time": 0.0017745494842529297, "loss": 9.103145122528076, "time": 0.0523085355758667, "epoch": 1, "iter": 200, "memory": 3918, "step": 200}
