{"lr": 0.1, "data_time": 0.001421213150024414, "loss": 9.107144260406494, "time": 0.03969662189483643, "epoch": 1, "iter": 200, "memory": 2444, "step": 200}
{"lr": 0.1, "data_time": 0.0015067338943481445, "loss": 9.103857517242432, "time": 0.04098854064941406, "epoch": 1, "iter": 400, "memory": 2444, "step": 400}
{"lr": 0.1, "data_time": 0.0011726856231689454, "loss": 9.088128471374512, "time": 0.03652589321136475, "epoch": 1, "iter": 600, "memory": 2444, "step": 600}
{"lr": 0.1, "data_time": 0.0719289779663086, "loss": 9.084031105041504, "time": 0.10751161575317383, "epoch": 1, "iter": 800, "memory": 2444, "step": 800}
{"lr": 0.1, "data_time": 0.0013161659240722655, "loss": 9.069300174713135, "time": 0.040881919860839847, "epoch": 1, "iter": 1000, "memory": 2444, "step": 1000}
{"lr": 0.1, "data_time": 0.0013216495513916015, "loss": 9.005671405792237, "time": 0.060228371620178224, "epoch": 1, "iter": 1200, "memory": 2444, "step": 1200}
{"lr": 0.1, "data_time": 0.09684188365936279, "loss": 8.98855218887329, "time": 0.13477933406829834, "epoch": 1, "iter": 1400, "memory": 2444, "step": 1400}
{"lr": 0.1, "data_time": 0.001450514793395996, "loss": 8.926515007019043, "time": 0.03945293426513672, "epoch": 1, "iter": 1600, "memory": 2444, "step": 1600}
{"lr": 0.1, "data_time": 0.0013236045837402345, "loss": 8.826482582092286, "time": 0.03663642406463623, "epoch": 1, "iter": 1800, "memory": 2444, "step": 1800}
{"lr": 0.1, "data_time": 0.0014294147491455077, "loss": 8.694157218933105, "time": 0.040613770484924316, "epoch": 1, "iter": 2000, "memory": 2444, "step": 2000}
{"lr": 0.1, "data_time": 0.0014273881912231444, "loss": 8.599497032165527, "time": 0.04124407768249512, "epoch": 1, "iter": 2200, "memory": 2444, "step": 2200}
{"accuracy/top1": 0.2776852250099182, "accuracy/top20": 4.031989097595215, "data_time": 0.12061264836196359, "time": 0.1397337203330182, "step": 1}
{"lr": 0.1, "data_time": 0.0022897243499755858, "loss": 7.98484206199646, "time": 0.04278862476348877, "epoch": 2, "iter": 2592, "memory": 2444, "step": 2592}
{"lr": 0.1, "data_time": 0.0018043279647827148, "loss": 7.607547426223755, "time": 0.041969799995422365, "epoch": 2, "iter": 2792, "memory": 2444, "step": 2792}
{"lr": 0.1, "data_time": 0.001429605484008789, "loss": 7.109421253204346, "time": 0.04054863452911377, "epoch": 2, "iter": 2992, "memory": 2444, "step": 2992}
{"lr": 0.1, "data_time": 0.001726675033569336, "loss": 6.4438004970550535, "time": 0.043841981887817384, "epoch": 2, "iter": 3192, "memory": 2444, "step": 3192}
{"lr": 0.1, "data_time": 0.001577281951904297, "loss": 5.859315013885498, "time": 0.042145514488220216, "epoch": 2, "iter": 3392, "memory": 2444, "step": 3392}
{"lr": 0.1, "data_time": 0.0017327547073364257, "loss": 5.2963048934936525, "time": 0.04125521183013916, "epoch": 2, "iter": 3592, "memory": 2444, "step": 3592}
{"lr": 0.1, "data_time": 0.0015822172164916993, "loss": 4.4552271366119385, "time": 0.04272572994232178, "epoch": 2, "iter": 3792, "memory": 2444, "step": 3792}
