{"lr": 0.1, "data_time": 0.0016832590103149415, "loss": 9.101800632476806, "time": 0.041619062423706055, "epoch": 1, "iter": 200, "memory": 2444, "step": 200}
{"lr": 0.1, "data_time": 0.001750612258911133, "loss": 9.10007209777832, "time": 0.040926241874694826, "epoch": 1, "iter": 400, "memory": 2444, "step": 400}
{"lr": 0.1, "data_time": 0.0017272472381591798, "loss": 9.097891807556152, "time": 0.04150433540344238, "epoch": 1, "iter": 600, "memory": 2444, "step": 600}
{"lr": 0.1, "data_time": 0.0016759395599365234, "loss": 9.073889350891113, "time": 0.041077804565429685, "epoch": 1, "iter": 800, "memory": 2444, "step": 800}
