{"lr": 0.1, "data_time": 0.001777815818786621, "loss": 9.116501903533935, "time": 0.04126749038696289, "epoch": 1, "iter": 200, "memory": 2444, "step": 200}
{"lr": 0.1, "data_time": 0.0017879247665405274, "loss": 9.10352087020874, "time": 0.04102048873901367, "epoch": 1, "iter": 400, "memory": 2444, "step": 400}
{"lr": 0.1, "data_time": 0.0019419431686401368, "loss": 9.098431301116943, "time": 0.04154520034790039, "epoch": 1, "iter": 600, "memory": 2444, "step": 600}
{"lr": 0.1, "data_time": 0.0020303249359130858, "loss": 9.081042671203614, "time": 0.042609643936157224, "epoch": 1, "iter": 800, "memory": 2444, "step": 800}
{"lr": 0.1, "data_time": 0.0017468690872192382, "loss": 9.09410219192505, "time": 0.04156525135040283, "epoch": 1, "iter": 1000, "memory": 2444, "step": 1000}
{"lr": 0.1, "data_time": 0.001691579818725586, "loss": 9.080360698699952, "time": 0.0418306827545166, "epoch": 1, "iter": 1200, "memory": 2444, "step": 1200}
{"lr": 0.1, "data_time": 0.0014831066131591798, "loss": 9.032172107696534, "time": 0.041170287132263186, "epoch": 1, "iter": 1400, "memory": 2444, "step": 1400}
{"lr": 0.1, "data_time": 0.001691722869873047, "loss": 8.9808500289917, "time": 0.04395449161529541, "epoch": 1, "iter": 1600, "memory": 2444, "step": 1600}
