{"lr": 0.1, "data_time": 0.058819580078125, "loss": 9.107070446014404, "time": 0.09511110782623292, "epoch": 1, "iter": 200, "memory": 2444, "step": 200}
