{"lr": 0.1, "data_time": 0.0019190788269042968, "loss": 9.107489585876465, "time": 0.04148807525634766, "epoch": 1, "iter": 200, "memory": 2444, "step": 200}
{"lr": 0.1, "data_time": 0.0015305042266845702, "loss": 9.097933387756347, "time": 0.04090948104858398, "epoch": 1, "iter": 400, "memory": 2444, "step": 400}
{"lr": 0.1, "data_time": 0.0014370203018188477, "loss": 9.092456340789795, "time": 0.04140105247497559, "epoch": 1, "iter": 600, "memory": 2444, "step": 600}
{"lr": 0.1, "data_time": 0.0015736818313598633, "loss": 9.071168231964112, "time": 0.04131627082824707, "epoch": 1, "iter": 800, "memory": 2444, "step": 800}
{"lr": 0.1, "data_time": 0.0017848014831542969, "loss": 9.046768951416016, "time": 0.04157614707946777, "epoch": 1, "iter": 1000, "memory": 2444, "step": 1000}
{"lr": 0.1, "data_time": 0.001542067527770996, "loss": 8.965997505187989, "time": 0.042493772506713864, "epoch": 1, "iter": 1200, "memory": 2444, "step": 1200}
{"lr": 0.1, "data_time": 0.0013676881790161133, "loss": 8.902706718444824, "time": 0.04145591259002686, "epoch": 1, "iter": 1400, "memory": 2444, "step": 1400}
{"lr": 0.1, "data_time": 0.0016242742538452148, "loss": 8.846889781951905, "time": 0.042713379859924315, "epoch": 1, "iter": 1600, "memory": 2444, "step": 1600}
{"lr": 0.1, "data_time": 0.0016173362731933595, "loss": 8.806372547149659, "time": 0.042184996604919436, "epoch": 1, "iter": 1800, "memory": 2444, "step": 1800}
