{"lr": 0.1, "data_time": 0.0014367103576660156, "loss": 9.114306831359864, "time": 0.03815910816192627, "epoch": 1, "iter": 200, "memory": 2444, "step": 200}
{"lr": 0.1, "data_time": 0.2750514268875122, "loss": 9.106267833709717, "time": 0.3117656946182251, "epoch": 1, "iter": 400, "memory": 2444, "step": 400}
{"lr": 0.1, "data_time": 0.1175276517868042, "loss": 9.11033878326416, "time": 0.15441527366638183, "epoch": 1, "iter": 600, "memory": 2444, "step": 600}
