{"lr": 0.1, "data_time": 0.0014225244522094727, "loss": 9.111322975158691, "time": 0.04024503231048584, "epoch": 1, "iter": 200, "memory": 2444, "step": 200}
{"lr": 0.1, "data_time": 0.0013852357864379884, "loss": 9.108603477478027, "time": 0.038677763938903806, "epoch": 1, "iter": 400, "memory": 2444, "step": 400}
