{"lr": 0.1, "data_time": 0.0014062643051147461, "loss": 9.105988693237304, "time": 0.04021732807159424, "epoch": 1, "iter": 200, "memory": 2444, "step": 200}
{"lr": 0.1, "data_time": 0.0014360427856445312, "loss": 9.105819034576417, "time": 0.04226930141448974, "epoch": 1, "iter": 400, "memory": 2444, "step": 400}
{"lr": 0.1, "data_time": 0.001490163803100586, "loss": 9.085142993927002, "time": 0.04134390354156494, "epoch": 1, "iter": 600, "memory": 2444, "step": 600}
{"lr": 0.1, "data_time": 0.0013966560363769531, "loss": 9.067448616027832, "time": 0.04116072654724121, "epoch": 1, "iter": 800, "memory": 2444, "step": 800}
{"lr": 0.1, "data_time": 0.0014545202255249023, "loss": 9.052629756927491, "time": 0.04055135250091553, "epoch": 1, "iter": 1000, "memory": 2444, "step": 1000}
{"lr": 0.1, "data_time": 0.0017030477523803712, "loss": 9.032018661499023, "time": 0.042798852920532225, "epoch": 1, "iter": 1200, "memory": 2444, "step": 1200}
{"lr": 0.1, "data_time": 0.0015218496322631837, "loss": 8.99504108428955, "time": 0.04126255512237549, "epoch": 1, "iter": 1400, "memory": 2444, "step": 1400}
{"lr": 0.1, "data_time": 0.0013700246810913086, "loss": 8.917058753967286, "time": 0.041344094276428225, "epoch": 1, "iter": 1600, "memory": 2444, "step": 1600}
